city_code,name,region,lat,lon,population,demand
1,Adana,TR62_Adana_alt_bölgesi,36.9914,35.3308,2274106,45476.0
1,Adana_Aladağ,TR62_Adana_alt_bölgesi,37.546379,35.402962,15897,324.0
1,Adana_Ceyhan,TR62_Adana_alt_bölgesi,37.0317,35.82275,158922,3181.0
1,Adana_Feke,TR62_Adana_alt_bölgesi,37.8199181,35.2721,15833,325.0
1,Adana_İmamoğlu,TR62_Adana_alt_bölgesi,37.258751,35.67284,27037,540.0
1,Adana_Karaisalı,TR62_Adana_alt_bölgesi,37.25201,35.06329,22042,439.0
1,Adana_Karataş,TR62_Adana_alt_bölgesi,36.563376,35.384388,23499,462.0
1,Adana_Kozan,TR62_Adana_alt_bölgesi,37.45,35.8,132703,2663.0
1,Adana_Pozantı,TR62_Adana_alt_bölgesi,37.4277778,34.8711111,19852,401.0
1,Adana_Saimbeyli,TR62_Adana_alt_bölgesi,37.9881827,36.0920584,13621,272.0
1,Adana_Tufanbeyli,TR62_Adana_alt_bölgesi,38.2646417,36.2223985,16400,320.0
1,Adana_Yumurtalık,TR62_Adana_alt_bölgesi,36.7666667,35.7833333,17654,361.0
2,Adıyaman,TRC1_Gaziantep_alt_bölgesi,37.7641667,38.2761667,635169,12702.0
2,Adıyaman_Besni,TRC1_Gaziantep_alt_bölgesi,37.6929433,37.8591895,77180,1533.0
2,Adıyaman_Çelikhan,TRC1_Gaziantep_alt_bölgesi,38.0333333,38.25,14858,301.0
2,Adıyaman_Gerger,TRC1_Gaziantep_alt_bölgesi,38.0288889,39.0322222,15711,312.0
2,Adıyaman_Gölbaşı,TRC1_Gaziantep_alt_bölgesi,37.7838889,37.6444444,50324,1007.0
2,Adıyaman_Kahta,TRC1_Gaziantep_alt_bölgesi,37.7833333,38.6166667,128961,2575.0
2,Adıyaman_Samsat,TRC1_Gaziantep_alt_bölgesi,37.5792887,38.482364,6673,139.0
2,Adıyaman_Sincik,TRC1_Gaziantep_alt_bölgesi,38.0380556,38.6158333,15947,319.0
2,Adıyaman_Tut,TRC1_Gaziantep_alt_bölgesi,37.7966667,37.915,9375,189.0
3,Afyonkarahisar,TR33_Manisa_alt_bölgesi,38.76376,30.54034,747555,14960.0
3,Afyonkarahisar_Başmakçı,TR33_Manisa_alt_bölgesi,37.8959675,30.0116271,9353,184.0
3,Afyonkarahisar_Bayat,TR33_Manisa_alt_bölgesi,38.98708,30.919849,7679,146.0
3,Afyonkarahisar_Bolvadin,TR33_Manisa_alt_bölgesi,38.7166667,31.05,45960,912.0
3,Afyonkarahisar_Çay,TR33_Manisa_alt_bölgesi,38.5931933,31.0249093,30351,604.0
3,Afyonkarahisar_Dazkırı,TR33_Manisa_alt_bölgesi,37.9166667,29.8666667,11432,228.0
3,Afyonkarahisar_Dinar,TR33_Manisa_alt_bölgesi,38.0666667,30.1666667,47385,941.0
3,Afyonkarahisar_Emirdağ,TR33_Manisa_alt_bölgesi,39.026039,31.15345,43305,871.0
3,Afyonkarahisar_Evciler,TR33_Manisa_alt_bölgesi,38.043083,29.883094,7095,146.0
3,Afyonkarahisar_Hocalar,TR33_Manisa_alt_bölgesi,38.58337,29.972071,8743,183.0
3,Afyonkarahisar_İhsaniye,TR33_Manisa_alt_bölgesi,39.0333333,30.4166667,27038,549.0
3,Afyonkarahisar_Kızılören,TR33_Manisa_alt_bölgesi,37.9629031,29.8019498,2096,43.0
3,Afyonkarahisar_Sandıklı,TR33_Manisa_alt_bölgesi,38.465389,30.270241,55198,1108.0
3,Afyonkarahisar_Sultandağı,TR33_Manisa_alt_bölgesi,38.5333333,31.2333333,14037,279.0
4,Ağrı,TRA2_Ağrı_alt_bölgesi,39.7216667,43.0566667,510626,10202.0
4,Ağrı_Diyadin,TRA2_Ağrı_alt_bölgesi,39.54,43.6772222,38369,757.0
4,Ağrı_Doğubayazıt,TRA2_Ağrı_alt_bölgesi,39.548,44.083333,116493,2323.0
4,Ağrı_Eleşkirt,TRA2_Ağrı_alt_bölgesi,39.797161,42.687111,30288,611.0
4,Ağrı_Patnos,TRA2_Ağrı_alt_bölgesi,39.2333333,42.8666667,114081,2272.0
4,Ağrı_Taşlıçay,TRA2_Ağrı_alt_bölgesi,39.6343827,43.3767661,18614,377.0
4,Ağrı_Tutak,TRA2_Ağrı_alt_bölgesi,39.5422222,42.7716667,27864,554.0
5,Amasya,TR83_Samsun_alt_bölgesi,40.65,35.8333333,338267,6774.0
5,Amasya_Göynücek,TR83_Samsun_alt_bölgesi,40.397869,35.52615,9906,205.0
5,Amasya_Gümüşhacıköy,TR83_Samsun_alt_bölgesi,40.87064,35.217579,22746,446.0
5,Amasya_Hamamözü,TR83_Samsun_alt_bölgesi,40.78347,35.022289,3495,65.0
5,Amasya_Merzifon,TR83_Samsun_alt_bölgesi,40.874859,35.45974,75346,1504.0
5,Amasya_Suluova,TR83_Samsun_alt_bölgesi,40.8333333,35.65,47038,939.0
5,Amasya_Taşova,TR83_Samsun_alt_bölgesi,40.7619873,36.3226471,30144,598.0
6,Ankara,TR51_Ankara_alt_bölgesi,39.9334,32.85411,5782285,115642.0
6,Ankara_Ayaş,TR51_Ankara_alt_bölgesi,40.021751,32.34095,12998,266.0
6,Ankara_Bala,TR51_Ankara_alt_bölgesi,39.5538889,33.1211111,20521,400.0
6,Ankara_Beypazarı,TR51_Ankara_alt_bölgesi,40.1675,31.9211111,48357,962.0
6,Ankara_Çamlıdere,TR51_Ankara_alt_bölgesi,40.48735,32.4726901,8100,159.0
6,Ankara_Evren,TR51_Ankara_alt_bölgesi,39.0290506,33.8104222,2952,53.0
6,Ankara_Güdül,TR51_Ankara_alt_bölgesi,40.2111111,32.2427778,8079,170.0
6,Ankara_Haymana,TR51_Ankara_alt_bölgesi,39.436069,32.496639,26016,512.0
6,Ankara_Kalecik,TR51_Ankara_alt_bölgesi,40.0972222,33.4083333,12794,252.0
6,Ankara_Kızılcahamam,TR51_Ankara_alt_bölgesi,40.4697222,32.6505556,26872,531.0
6,Ankara_Nallıhan,TR51_Ankara_alt_bölgesi,40.191601,31.359949,26553,535.0
6,Ankara_Polatlı,TR51_Ankara_alt_bölgesi,39.5841667,32.1472222,128378,2557.0
6,Ankara_Şereflikoçhisar,TR51_Ankara_alt_bölgesi,38.93951,33.55246,33140,660.0
7,Antalya,TR61_Antalya_alt_bölgesi,36.88414,30.7133,2688004,53751.0
7,Antalya_Akseki,TR61_Antalya_alt_bölgesi,37.051529,31.78381,10477,215.0
7,Antalya_Alanya,TR61_Antalya_alt_bölgesi,36.560139,32.002121,364180,7284.0
7,Antalya_Demre,TR61_Antalya_alt_bölgesi,36.249441,29.950079,27691,548.0
7,Antalya_Elmalı,TR61_Antalya_alt_bölgesi,36.7373079,29.9191194,40774,810.0
7,Antalya_Finike,TR61_Antalya_alt_bölgesi,36.3008267,30.144496,49720,987.0
7,Antalya_Gazipaşa,TR61_Antalya_alt_bölgesi,36.270902,32.3135862,53702,1072.0
7,Antalya_Gündoğmuş,TR61_Antalya_alt_bölgesi,36.811194,32.0013363,7188,134.0
7,Antalya_İbradı,TR61_Antalya_alt_bölgesi,37.092651,31.58786,2875,53.0
7,Antalya_Kaş,TR61_Antalya_alt_bölgesi,36.204441,29.638981,62866,1255.0
7,Antalya_Kemer,TR61_Antalya_alt_bölgesi,36.592381,30.54771,49383,982.0
7,Antalya_Kepez,TR61_Antalya_alt_bölgesi,36.924,31.6181,608675,12171.0
7,Antalya_Korkuteli,TR61_Antalya_alt_bölgesi,37.0666667,30.2,56285,1134.0
7,Antalya_Kumluca,TR61_Antalya_alt_bölgesi,36.362831,30.286421,73496,1470.0
7,Antalya_Manavgat,TR61_Antalya_alt_bölgesi,36.790081,31.46286,252941,5062.0
8,Artvin,TR90_Trabzon_alt_bölgesi,41.1833333,41.8166667,169403,3381.0
8,Artvin_Arhavi,TR90_Trabzon_alt_bölgesi,41.3520976,41.3115846,21520,422.0
8,Artvin_Borçka,TR90_Trabzon_alt_bölgesi,41.3625,41.68,21748,443.0
8,Artvin_Hopa,TR90_Trabzon_alt_bölgesi,41.386719,41.437018,28231,564.0
8,Artvin_Şavşat,TR90_Trabzon_alt_bölgesi,41.2419,42.3644,16564,340.0
8,Artvin_Yusufeli,TR90_Trabzon_alt_bölgesi,40.8253871,41.5486163,18854,379.0
9,Aydın,TR32_Aydın_alt_bölgesi,37.8444,27.8458,1148241,22958.0
9,Aydın_Bozdoğan,TR32_Aydın_alt_bölgesi,37.6703,28.3097,32607,645.0
9,Aydın_Buharkent,TR32_Aydın_alt_bölgesi,37.970211,28.747219,13022,258.0
9,Aydın_Çine,TR32_Aydın_alt_bölgesi,37.6117,28.0614,48466,967.0
9,Aydın_Didim,TR32_Aydın_alt_bölgesi,37.3756,27.2678,97000,1949.0
9,Aydın_Karacasu,TR32_Aydın_alt_bölgesi,37.729641,28.60634,17620,342.0
9,Aydın_Karpuzlu,TR32_Aydın_alt_bölgesi,37.5586,27.8336,10590,213.0
9,Aydın_Kuşadası,TR32_Aydın_alt_bölgesi,37.86,27.26,130835,2611.0
9,Aydın_Kuyucak,TR32_Aydın_alt_bölgesi,37.9153,28.4592,26111,526.0
9,Aydın_Nazilli,TR32_Aydın_alt_bölgesi,37.910419,28.320259,162737,3251.0
9,Aydın_Söke,TR32_Aydın_alt_bölgesi,37.756081,27.403931,123301,2459.0
9,Aydın_Sultanhisar,TR32_Aydın_alt_bölgesi,37.8897,28.1575,20230,405.0
9,Aydın_Yenipazar,TR32_Aydın_alt_bölgesi,37.829769,28.19549,11863,235.0
10,Balıkesir,TR22_Balıkesir_alt_bölgesi,39.648369,27.88261,1257590,25147.0
10,Balıkesir_Ayvalık,TR22_Balıkesir_alt_bölgesi,39.3178003,26.6980742,74030,1479.0
10,Balıkesir_Bandırma,TR22_Balıkesir_alt_bölgesi,40.35946,27.979227,164965,3290.0
10,Balıkesir_Bigadiç,TR22_Balıkesir_alt_bölgesi,39.3925,28.1311111,48917,976.0
10,Balıkesir_Burhaniye,TR22_Balıkesir_alt_bölgesi,39.506931,26.977819,64283,1292.0
10,Balıkesir_Dursunbey,TR22_Balıkesir_alt_bölgesi,39.5877778,28.6275,33333,674.0
10,Balıkesir_Edremit,TR22_Balıkesir_alt_bölgesi,39.59901,27.022079,167901,3356.0
10,Balıkesir_Erdek,TR22_Balıkesir_alt_bölgesi,40.403052,27.796098,31902,645.0
10,Balıkesir_Gömeç,TR22_Balıkesir_alt_bölgesi,39.3911111,26.84,16880,345.0
10,Balıkesir_Gönen,TR22_Balıkesir_alt_bölgesi,40.103329,27.65575,74871,1490.0
10,Balıkesir_Havran,TR22_Balıkesir_alt_bölgesi,39.5583333,27.0983333,28058,567.0
10,Balıkesir_İvrindi,TR22_Balıkesir_alt_bölgesi,39.5833333,27.4833333,31512,631.0
10,Balıkesir_Manyas,TR22_Balıkesir_alt_bölgesi,40.0463889,27.97,18066,367.0
10,Balıkesir_Marmara,TR22_Balıkesir_alt_bölgesi,40.5875,27.5552778,10601,208.0
10,Balıkesir_Savaştepe,TR22_Balıkesir_alt_bölgesi,39.3838889,27.6547222,16765,345.0
10,Balıkesir_Sındırgı,TR22_Balıkesir_alt_bölgesi,39.24,28.175,32408,638.0
10,Balıkesir_Susurluk,TR22_Balıkesir_alt_bölgesi,39.918869,28.157101,37724,759.0
11,Bilecik,TR41_Bursa_alt_bölgesi,40.150131,29.983061,228673,4581.0
11,Bilecik_Bozüyük,TR41_Bursa_alt_bölgesi,39.9077778,30.0366667,79538,1594.0
11,Bilecik_Gölpazarı,TR41_Bursa_alt_bölgesi,40.2847222,30.3172222,9444,186.0
11,Bilecik_İnhisar,TR41_Bursa_alt_bölgesi,40.05349,30.39068,2099,41.0
11,Bilecik_Osmaneli,TR41_Bursa_alt_bölgesi,40.3593103,30.0116271,21874,444.0
11,Bilecik_Pazaryeri,TR41_Bursa_alt_bölgesi,39.9964874,29.9075516,9982,193.0
11,Bilecik_Söğüt,TR41_Bursa_alt_bölgesi,40.0186111,30.1813889,18693,376.0
11,Bilecik_Yenipazar,TR41_Bursa_alt_bölgesi,40.1783333,30.52,2800,48.0
12,Bingöl,TRB1_Malatya_alt_bölgesi,38.885349,40.498291,282556,5652.0
12,Bingöl_Adaklı,TRB1_Malatya_alt_bölgesi,39.2281776,40.4833955,8041,158.0
12,Bingöl_Karlıova,TRB1_Malatya_alt_bölgesi,39.2977738,41.0125134,27083,542.0
12,Bingöl_Kiğı,TRB1_Malatya_alt_bölgesi,39.3166667,40.35,4684,100.0
12,Bingöl_Solhan,TRB1_Malatya_alt_bölgesi,38.9689856,41.0523881,33491,662.0
12,Bingöl_Yayladere,TRB1_Malatya_alt_bölgesi,39.2244444,40.0725,1953,47.0
12,Bingöl_Yedisu,TRB1_Malatya_alt_bölgesi,39.4333333,40.55,2795,60.0
13,Bitlis,TRB2_Van_alt_bölgesi,38.4,42.1166667,353988,7078.0
13,Bitlis_Adilcevaz,TRB2_Van_alt_bölgesi,38.8066671,42.7346377,29541,590.0
13,Bitlis_Ahlat,TRB2_Van_alt_bölgesi,38.7527778,42.4944444,42810,858.0
13,Bitlis_Hizan,TRB2_Van_alt_bölgesi,38.2247019,42.4252797,31833,631.0
14,Bolu,TR42_Kocaeli_alt_bölgesi,40.739479,31.611561,320824,6420.0
14,Bolu_Dörtdivan,TR42_Kocaeli_alt_bölgesi,40.7166667,32.0666667,6418,134.0
14,Bolu_Gerede,TR42_Kocaeli_alt_bölgesi,40.8005556,32.1986111,34257,688.0
14,Bolu_Göynük,TR42_Kocaeli_alt_bölgesi,40.4003841,30.7838403,14434,280.0
14,Bolu_Kıbrıscık,TR42_Kocaeli_alt_bölgesi,40.4086815,31.8472123,2932,55.0
14,Bolu_Mengen,TR42_Kocaeli_alt_bölgesi,40.9374385,32.0762881,13578,281.0
14,Bolu_Mudurnu,TR42_Kocaeli_alt_bölgesi,40.4666667,31.2166667,18456,366.0
14,Bolu_Seben,TR42_Kocaeli_alt_bölgesi,40.4090719,31.5741036,4648,99.0
14,Bolu_Yeniçağa,TR42_Kocaeli_alt_bölgesi,40.7724078,32.0358283,6625,133.0
15,Burdur,TR61_Antalya_alt_bölgesi,37.726909,30.288876,273799,5465.0
15,Burdur_Ağlasun,TR61_Antalya_alt_bölgesi,37.657716,30.532342,7408,153.0
15,Burdur_Altınyayla,TR61_Antalya_alt_bölgesi,36.998631,29.54598,5197,94.0
15,Burdur_Bucak,TR61_Antalya_alt_bölgesi,37.456841,30.581881,66894,1330.0
15,Burdur_Çavdır,TR61_Antalya_alt_bölgesi,37.155,29.6938889,12530,242.0
15,Burdur_Çeltikçi,TR61_Antalya_alt_bölgesi,37.5344444,30.4844444,4898,99.0
15,Burdur_Gölhisar,TR61_Antalya_alt_bölgesi,37.144437,29.5078705,23626,463.0
15,Burdur_Karamanlı,TR52_Konya_alt_bölgesi,37.37,29.821,8150,159.0
15,Burdur_Kemer,TR61_Antalya_alt_bölgesi,37.352,30.063,2903,57.0
15,Burdur_Tefenni,TR61_Antalya_alt_bölgesi,37.310984,29.7744512,10593,209.0
15,Burdur_Yeşilova,TR61_Antalya_alt_bölgesi,37.5080556,29.7547222,14503,299.0
16,Bursa,TR41_Bursa_alt_bölgesi,40.1885,29.061,3194720,63902.0
16,Bursa_Büyükorhan,TR41_Bursa_alt_bölgesi,39.7710397,28.885894,8940,173.0
16,Bursa_Gemlik,TR41_Bursa_alt_bölgesi,40.4330556,29.1566667,120245,2405.0
16,Bursa_Harmancık,TR41_Bursa_alt_bölgesi,39.6761111,29.1552778,5979,114.0
16,Bursa_İnegöl,TR41_Bursa_alt_bölgesi,40.0833333,29.5166667,294485,5883.0
16,Bursa_İznik,TR41_Bursa_alt_bölgesi,40.4289628,29.7165417,44236,894.0
16,Bursa_Karacabey,TR41_Bursa_alt_bölgesi,40.225498,28.37273,84907,1703.0
16,Bursa_Keles,TR41_Bursa_alt_bölgesi,39.9136111,29.2294444,10955,216.0
16,Bursa_Mustafakemalpaşa,TR41_Bursa_alt_bölgesi,40.0353,28.4117,102284,2046.0
16,Bursa_Orhaneli,TR41_Bursa_alt_bölgesi,39.906719,28.988621,18543,373.0
16,Bursa_Orhangazi,TR41_Bursa_alt_bölgesi,40.501129,29.31068,81110,1626.0
16,Bursa_Yenişehir,TR41_Bursa_alt_bölgesi,40.2644444,29.6530556,54844,1102.0
16,Bursa_Yıldırım,TR41_Bursa_alt_bölgesi,40.3298442,29.5586174,655856,13115.0
17,Çanakkale,TR22_Balıkesir_alt_bölgesi,40.155312,26.41416,559383,11185.0
17,Çanakkale_Ayvacık,TR22_Balıkesir_alt_bölgesi,39.6011111,26.4047222,34549,695.0
17,Çanakkale_Bayramiç,TR22_Balıkesir_alt_bölgesi,40.7038355,26.9101736,28952,579.0
17,Çanakkale_Biga,TR22_Balıkesir_alt_bölgesi,40.23407,27.24572,92180,1852.0
17,Çanakkale_Bozcaada,TR22_Balıkesir_alt_bölgesi,39.8230643,26.0325226,3120,68.0
17,Çanakkale_Çan,TR22_Balıkesir_alt_bölgesi,40.0275,27.0475,47954,956.0
17,Çanakkale_Ezine,TR22_Balıkesir_alt_bölgesi,39.7832499,26.3411793,31848,644.0
17,Çanakkale_Gelibolu,TR22_Balıkesir_alt_bölgesi,40.417447,26.677435,43984,883.0
17,Çanakkale_Gökçeada,TR22_Balıkesir_alt_bölgesi,40.197029,25.917959,10348,201.0
17,Çanakkale_Lapseki,TR22_Balıkesir_alt_bölgesi,40.35299,26.6995478,29336,595.0
17,Çanakkale_Yenice,TR22_Balıkesir_alt_bölgesi,39.928291,27.26038,30587,611.0
18,Çankırı,TR82_Kastamonu_alt_bölgesi,40.6,33.6166667,195766,3917.0
18,Çankırı_Atkaracalar,TR82_Kastamonu_alt_bölgesi,40.8166667,33.0833333,4560,91.0
18,Çankırı_Bayramören,TR82_Kastamonu_alt_bölgesi,40.9419568,33.2041374,2459,51.0
18,Çankırı_Çerkeş,TR82_Kastamonu_alt_bölgesi,40.8166667,32.9,16526,329.0
18,Çankırı_Ilgaz,TR82_Kastamonu_alt_bölgesi,40.9261452,33.6289615,13821,266.0
18,Çankırı_Kızılırmak,TR82_Kastamonu_alt_bölgesi,40.35,33.9833333,6986,142.0
18,Çankırı_Kurşunlu,TR82_Kastamonu_alt_bölgesi,40.8396835,33.2577547,8484,166.0
18,Çankırı_Orta,TR82_Kastamonu_alt_bölgesi,40.6240684,33.1116234,12614,254.0
18,Çankırı_Şabanözü,TR82_Kastamonu_alt_bölgesi,40.4833333,33.2833333,11745,238.0
18,Çankırı_Yapraklı,TR82_Kastamonu_alt_bölgesi,40.763351,33.777699,7536,145.0
19,Çorum,TR83_Samsun_alt_bölgesi,40.5499,34.9537,524130,10488.0
19,Çorum_Alaca,TR83_Samsun_alt_bölgesi,40.17366,34.844238,29929,605.0
19,Çorum_Bayat,TR83_Samsun_alt_bölgesi,40.646,34.261,14615,290.0
19,Çorum_Boğazkale,TR83_Samsun_alt_bölgesi,40.0277582,34.6167589,3584,64.0
19,Çorum_Dodurga,TR83_Samsun_alt_bölgesi,40.8570016,34.808352,5265,109.0
19,Çorum_İskilip,TR83_Samsun_alt_bölgesi,40.74123,34.470829,29643,594.0
19,Çorum_Kargı,TR83_Samsun_alt_bölgesi,41.1344,34.4872,15464,300.0
19,Çorum_Mecitözü,TR83_Samsun_alt_bölgesi,40.52,35.2952778,13840,285.0
19,Çorum_Oğuzlar,TR83_Samsun_alt_bölgesi,40.7543,34.7048,4896,94.0
19,Çorum_Ortaköy,TR83_Samsun_alt_bölgesi,40.2733356,35.2490312,6264,122.0
19,Çorum_Osmancık,TR83_Samsun_alt_bölgesi,40.97406,34.802158,43297,870.0
19,Çorum_Sungurlu,TR83_Samsun_alt_bölgesi,40.161,34.377,48296,959.0
19,Çorum_Uğurludağ,TR83_Samsun_alt_bölgesi,40.447504,34.4547213,5765,106.0
20,Denizli,TR32_Aydın_alt_bölgesi,37.77652,29.08639,1056332,21127.0
20,Denizli_Acıpayam,TR32_Aydın_alt_bölgesi,37.4333333,29.35,54888,1091.0
20,Denizli_Baklan,TR32_Aydın_alt_bölgesi,37.9795005,29.6064479,5296,102.0
20,Denizli_Bekilli,TR32_Aydın_alt_bölgesi,38.2319444,29.4216667,6424,134.0
20,Denizli_Beyağaç,TR32_Aydın_alt_bölgesi,37.2221931,28.9091914,6197,115.0
20,Denizli_Bozkurt,TR32_Aydın_alt_bölgesi,37.8244223,29.6064479,12331,251.0
20,Denizli_Buldan,TR32_Aydın_alt_bölgesi,38.052872,28.831499,26630,523.0
20,Denizli_Çal,TR32_Aydın_alt_bölgesi,38.0844338,29.3961647,17889,359.0
20,Denizli_Çameli,TR32_Aydın_alt_bölgesi,37.0708307,29.3453611,17549,360.0
20,Denizli_Çardak,TR32_Aydın_alt_bölgesi,37.8246553,29.6759908,8452,166.0
20,Denizli_Çivril,TR32_Aydın_alt_bölgesi,38.2998807,29.7397084,59967,1194.0
20,Denizli_Güney,TR32_Aydın_alt_bölgesi,38.159569,29.06777,9448,186.0
20,Denizli_Kale,TR32_Aydın_alt_bölgesi,37.4391667,28.8452778,19202,380.0
21,Diyarbakır,TRC2_Şanlıurfa_alt_bölgesi,37.91363,40.21721,1804880,36102.0
21,Diyarbakır_Bismil,TRC2_Şanlıurfa_alt_bölgesi,37.8452,40.67561,118698,2366.0
21,Diyarbakır_Çermik,TRC2_Şanlıurfa_alt_bölgesi,38.1372222,39.4511111,49644,983.0
21,Diyarbakır_Çüngüş,TRC2_Şanlıurfa_alt_bölgesi,38.2166667,39.2833333,10720,211.0
21,Diyarbakır_Dicle,TRC2_Şanlıurfa_alt_bölgesi,38.375,40.0733333,36114,726.0
21,Diyarbakır_Eğil,TRC2_Şanlıurfa_alt_bölgesi,38.2566123,40.0836662,21434,430.0
21,Diyarbakır_Ergani,TRC2_Şanlıurfa_alt_bölgesi,38.2666667,39.7666667,136099,2729.0
21,Diyarbakır_Hani,TRC2_Şanlıurfa_alt_bölgesi,38.4136111,40.3925,32519,643.0
21,Diyarbakır_Hazro,TRC2_Şanlıurfa_alt_bölgesi,38.25,40.7833333,16093,331.0
21,Diyarbakır_Kocaköy,TRC2_Şanlıurfa_alt_bölgesi,38.2897222,40.5013889,15355,300.0
21,Diyarbakır_Kulp,TRC2_Şanlıurfa_alt_bölgesi,38.5016667,41.0116667,34357,679.0
21,Diyarbakır_Lice,TRC2_Şanlıurfa_alt_bölgesi,38.4604983,40.6468573,24364,488.0
21,Diyarbakır_Silvan,TRC2_Şanlıurfa_alt_bölgesi,38.1422222,41.0013889,86161,1716.0
22,Edirne,TR21_Tekirdağ_alt_bölgesi,41.6666667,26.5666667,414714,8285.0
22,Edirne_Enez,TR21_Tekirdağ_alt_bölgesi,40.729328,26.0889,10488,218.0
22,Edirne_Havsa,TR21_Tekirdağ_alt_bölgesi,41.55,26.8166667,17969,358.0
22,Edirne_İpsala,TR21_Tekirdağ_alt_bölgesi,40.9227353,26.3795495,26148,516.0
22,Edirne_Keşan,TR21_Tekirdağ_alt_bölgesi,40.85,26.6333333,83874,1672.0
22,Edirne_Lalapaşa,TR21_Tekirdağ_alt_bölgesi,41.8333333,26.7333333,6225,120.0
22,Edirne_Meriç,TR21_Tekirdağ_alt_bölgesi,41.189,26.418,12841,251.0
22,Edirne_Süloğlu,TR21_Tekirdağ_alt_bölgesi,41.7666667,26.9166667,6348,121.0
22,Edirne_Uzunköprü,TR21_Tekirdağ_alt_bölgesi,41.271259,26.69972,59351,1178.0
23,Elazığ,TRB1_Malatya_alt_bölgesi,38.680969,39.226398,591497,11829.0
23,Elazığ_Ağın,TRB1_Malatya_alt_bölgesi,38.9422222,38.7155556,2610,47.0
23,Elazığ_Alacakaya,TRB1_Malatya_alt_bölgesi,38.453244,39.8512762,5831,110.0
23,Elazığ_Arıcak,TRB1_Malatya_alt_bölgesi,38.5666667,40.1333333,13426,277.0
23,Elazığ_Baskil,TRB1_Malatya_alt_bölgesi,38.5697222,38.8230556,11605,226.0
23,Elazığ_Karakoçan,TRB1_Malatya_alt_bölgesi,38.9583665,40.03481,28401,571.0
23,Elazığ_Keban,TRB1_Malatya_alt_bölgesi,38.7939296,38.7419367,5906,121.0
23,Elazığ_Kovancılar,TRB1_Malatya_alt_bölgesi,38.7166667,39.8666667,38913,782.0
23,Elazığ_Maden,TRB1_Malatya_alt_bölgesi,38.3897222,39.6686111,8929,180.0
23,Elazığ_Palu,TRB1_Malatya_alt_bölgesi,38.7054728,39.9525286,17655,362.0
23,Elazığ_Sivrice,TRB1_Malatya_alt_bölgesi,38.4466667,39.3116667,7192,144.0
24,Erzincan,TRA1_Erzurum_alt_bölgesi,39.75,39.5,239223,4778.0
24,Erzincan_Çayırlı,TRA1_Erzurum_alt_bölgesi,39.805,40.0411111,8112,154.0
24,Erzincan_İliç,TRA1_Erzurum_alt_bölgesi,39.4580563,38.5647362,8905,168.0
24,Erzincan_Kemah,TRA1_Erzurum_alt_bölgesi,39.6027778,39.0355556,7363,145.0
24,Erzincan_Kemaliye,TRA1_Erzurum_alt_bölgesi,39.2608333,38.4966667,5170,105.0
24,Erzincan_Otlukbeli,TRA1_Erzurum_alt_bölgesi,39.9739655,40.0224165,2492,43.0
24,Erzincan_Refahiye,TRA1_Erzurum_alt_bölgesi,39.9016487,38.7683142,11269,233.0
24,Erzincan_Tercan,TRA1_Erzurum_alt_bölgesi,39.7794559,40.3850845,15653,322.0
25,Erzurum,TRA1_Erzurum_alt_bölgesi,39.9056,41.2658,749754,14992.0
25,Erzurum_Aşkale,TRA1_Erzurum_alt_bölgesi,39.92025,40.6923611,21494,422.0
25,Erzurum_Çat,TRA1_Erzurum_alt_bölgesi,39.6111111,40.9788889,15556,317.0
25,Erzurum_Hınıs,TRA1_Erzurum_alt_bölgesi,39.3566706,41.702949,24680,486.0
25,Erzurum_Horasan,TRA1_Erzurum_alt_bölgesi,40.038521,42.16235,36519,735.0
25,Erzurum_İspir,TRA1_Erzurum_alt_bölgesi,40.4836111,40.9952778,14607,286.0
25,Erzurum_Karaçoban,TRA1_Erzurum_alt_bölgesi,39.3508333,42.1119444,22250,451.0
25,Erzurum_Karayazı,TRA1_Erzurum_alt_bölgesi,39.7010606,42.143789,25543,516.0
25,Erzurum_Köprüköy,TRA1_Erzurum_alt_bölgesi,39.9755556,41.8711111,14204,275.0
25,Erzurum_Narman,TRA1_Erzurum_alt_bölgesi,40.345058,41.867199,12292,242.0
25,Erzurum_Oltu,TRA1_Erzurum_alt_bölgesi,40.5455556,41.9955556,30075,596.0
25,Erzurum_Olur,TRA1_Erzurum_alt_bölgesi,40.8333333,42.1333333,6262,128.0
25,Erzurum_Pazaryolu,TRA1_Erzurum_alt_bölgesi,40.415909,40.768829,3803,75.0
25,Erzurum_Şenkaya,TRA1_Erzurum_alt_bölgesi,40.5666667,42.35,16035,322.0
25,Erzurum_Tortum,TRA1_Erzurum_alt_bölgesi,40.2992011,41.5478508,15259,298.0
25,Erzurum_Uzundere,TRA1_Erzurum_alt_bölgesi,40.5363889,41.5483333,7625,156.0
26,Eskişehir,TR41_Bursa_alt_bölgesi,39.7667,30.5256,906617,18140.0
26,Eskişehir_Alpu,TR41_Bursa_alt_bölgesi,39.7605556,30.9580556,9966,206.0
26,Eskişehir_Beylikova,TR41_Bursa_alt_bölgesi,39.6869444,31.2055556,5781,106.0
26,Eskişehir_Çifteler,TR41_Bursa_alt_bölgesi,39.3830556,31.0391667,14906,304.0
26,Eskişehir_Günyüzü,TR41_Bursa_alt_bölgesi,39.3838889,31.81,5155,93.0
26,Eskişehir_Han,TR41_Bursa_alt_bölgesi,39.1591667,30.8613889,2052,32.0
26,Eskişehir_İnönü,TR41_Bursa_alt_bölgesi,39.8212299,30.144496,6173,119.0
26,Eskişehir_Mahmudiye,TR41_Bursa_alt_bölgesi,39.497327,30.988913,7575,153.0
26,Eskişehir_Mihalıççık,TR41_Bursa_alt_bölgesi,39.8641667,31.4952778,7659,153.0
26,Eskişehir_Sarıcakaya,TR41_Bursa_alt_bölgesi,40.0403444,30.617113,4621,97.0
26,Eskişehir_Seyitgazi,TR41_Bursa_alt_bölgesi,39.4447222,30.6947222,12587,244.0
26,Eskişehir_Sivrihisar,TR41_Bursa_alt_bölgesi,39.45,31.5377778,20087,398.0
27,Gaziantep,TRC1_Gaziantep_alt_bölgesi,37.066,37.3781,2154051,43076.0
27,Gaziantep_Araban,TRC1_Gaziantep_alt_bölgesi,37.4265042,37.6892062,32933,660.0
27,Gaziantep_İslahiye,TRC1_Gaziantep_alt_bölgesi,37.025,36.6345,67650,1353.0
27,Gaziantep_Karkamış,TRC1_Gaziantep_alt_bölgesi,36.834,38.001,9379,195.0
27,Gaziantep_Nizip,TRC1_Gaziantep_alt_bölgesi,37.0166667,37.8,148386,2972.0
27,Gaziantep_Nurdağı,TRC1_Gaziantep_alt_bölgesi,37.1791719,36.7361539,41322,835.0
27,Gaziantep_Yavuzeli,TRC1_Gaziantep_alt_bölgesi,37.3201746,37.5667735,22762,445.0
28,Giresun,TR90_Trabzon_alt_bölgesi,40.912811,38.38953,450862,9014.0
28,Giresun_Alucra,TR90_Trabzon_alt_bölgesi,40.3166667,38.7666667,8574,162.0
28,Giresun_Çamoluk,TR90_Trabzon_alt_bölgesi,40.133333,38.75,6469,124.0
28,Giresun_Çanakçı,TR90_Trabzon_alt_bölgesi,40.9130184,39.0043345,5981,119.0
28,Giresun_Doğankent,TR90_Trabzon_alt_bölgesi,40.8,38.9166667,6715,125.0
28,Giresun_Espiye,TR90_Trabzon_alt_bölgesi,40.9483587,38.7082259,37775,763.0
28,Giresun_Eynesil,TR90_Trabzon_alt_bölgesi,41.0602883,39.1435365,12471,258.0
28,Giresun_Görele,TR90_Trabzon_alt_bölgesi,41.0318044,39.0013811,30973,625.0
28,Giresun_Güce,TR90_Trabzon_alt_bölgesi,40.8934796,38.8059883,7806,153.0
28,Giresun_Piraziz,TR90_Trabzon_alt_bölgesi,40.9515492,38.1200837,13825,277.0
28,Giresun_Şebinkarahisar,TR90_Trabzon_alt_bölgesi,40.2897875,38.4209894,19625,397.0
28,Giresun_Tirebolu,TR90_Trabzon_alt_bölgesi,41.0051024,38.8141059,32576,655.0
29,Gümüşhane,TR90_Trabzon_alt_bölgesi,40.4602778,39.4813889,144544,2887.0
29,Gümüşhane_Kelkit,TR90_Trabzon_alt_bölgesi,40.1286111,39.4383333,41233,815.0
29,Gümüşhane_Köse,TR90_Trabzon_alt_bölgesi,40.210369,39.65073,6830,132.0
29,Gümüşhane_Kürtün,TR90_Trabzon_alt_bölgesi,40.6909866,39.1029913,11913,243.0
29,Gümüşhane_Şiran,TR90_Trabzon_alt_bölgesi,40.1894444,39.1266667,19346,378.0
30,Hakkari,TRB2_Van_alt_bölgesi,37.5833333,43.7333333,275333,5496.0
31,Hatay,TR63_Hatay_alt_bölgesi,36.4018488,36.3498097,1686043,33719.0
31,Hatay_Altınözü,TR63_Hatay_alt_bölgesi,36.1166667,36.25,60344,1216.0
31,Hatay_Antakya,TR63_Hatay_alt_bölgesi,36.20015,36.176189,399045,7979.0
31,Hatay_Dörtyol,TR63_Hatay_alt_bölgesi,36.85603,36.222328,128941,2576.0
31,Hatay_Erzin,TR63_Hatay_alt_bölgesi,36.9539,36.2022,41558,825.0
31,Hatay_Hassa,TR63_Hatay_alt_bölgesi,36.7994,36.5178,56675,1133.0
31,Hatay_İskenderun,TR63_Hatay_alt_bölgesi,36.586863,36.172571,251682,5027.0
31,Hatay_Reyhanlı,TR63_Hatay_alt_bölgesi,36.267181,36.573669,108092,2171.0
31,Hatay_Samandağ,TR63_Hatay_alt_bölgesi,36.08239,35.999321,123447,2465.0
31,Hatay_Yayladağı,TR63_Hatay_alt_bölgesi,35.9025,36.0606,36803,733.0
32,Isparta,TR61_Antalya_alt_bölgesi,37.7666667,30.55,445325,8913.0
32,Isparta_Aksu,TR61_Antalya_alt_bölgesi,37.799,31.071,4131,76.0
32,Isparta_Eğirdir,TR61_Antalya_alt_bölgesi,38.0237567,30.8728615,30854,623.0
32,Isparta_Gelendost,TR61_Antalya_alt_bölgesi,38.123989,31.011351,14678,288.0
32,Isparta_Keçiborlu,TR61_Antalya_alt_bölgesi,37.9481994,30.3060706,13830,274.0
32,Isparta_Senirkent,TR61_Antalya_alt_bölgesi,38.1054091,30.5480578,10720,209.0
32,Isparta_Sütçüler,TR61_Antalya_alt_bölgesi,37.487251,30.98963,9869,188.0
32,Isparta_Şarkikaraağaç,TR61_Antalya_alt_bölgesi,38.081272,31.3670283,24660,489.0
32,Isparta_Uluborlu,TR61_Antalya_alt_bölgesi,38.0789004,30.4559258,6554,127.0
32,Isparta_Yalvaç,TR61_Antalya_alt_bölgesi,38.295231,31.180229,45931,918.0
32,Isparta_Yenişarbademli,TR61_Antalya_alt_bölgesi,37.7080691,31.3856088,2650,43.0
33,Mersin,TR62_Adana_alt_bölgesi,36.8121,34.6415,1916432,38330.0
33,Mersin_Anamur,TR62_Adana_alt_bölgesi,36.07515,32.838539,66846,1342.0
33,Mersin_Aydıncık,TR32_Aydın_alt_bölgesi,36.1416948,33.3177479,11468,222.0
33,Mersin_Bozyazı,TR62_Adana_alt_bölgesi,36.1030632,32.9747512,26812,543.0
33,Mersin_Çamlıyayla,TR62_Adana_alt_bölgesi,37.170139,34.60825,8164,169.0
33,Mersin_Erdemli,TR62_Adana_alt_bölgesi,36.607769,34.316139,151928,3031.0
33,Mersin_Gülnar,TR62_Adana_alt_bölgesi,36.3379,33.3996,27889,547.0
33,Mersin_Mut,TR62_Adana_alt_bölgesi,36.644336,33.4355499,62874,1248.0
33,Mersin_Silifke,TR62_Adana_alt_bölgesi,36.3753014,33.9331874,132665,2653.0
34,İstanbul,TR10_İstanbul_alt_bölgesi,41.00527,28.97696,1590795,31816.0
34,İstanbul_Arnavutköy,TR10_İstanbul_alt_bölgesi,41.2,28.733333,326452,6521.0
34,İstanbul_Avcılar,TR10_İstanbul_alt_bölgesi,41.0153479,28.7314618,452132,9042.0
34,İstanbul_Beylikdüzü,TR10_İstanbul_alt_bölgesi,40.9910381,28.6498144,412835,8255.0
34,İstanbul_Büyükçekmece,TR10_İstanbul_alt_bölgesi,41.034133,28.590003,277181,5549.0
34,İstanbul_Çatalca,TR10_İstanbul_alt_bölgesi,41.148239,28.46773,77468,1550.0
34,İstanbul_Çekmeköy,TR10_İstanbul_alt_bölgesi,41.104235,29.3177272,296066,5911.0
34,İstanbul_Esenyurt,TR10_İstanbul_alt_bölgesi,41.0342806,28.6801194,983571,19664.0
34,İstanbul_Eyüpsultan,TR10_İstanbul_alt_bölgesi,41.1871598,28.8829816,422913,8462.0
34,İstanbul_Kartal,TR10_İstanbul_alt_bölgesi,40.899651,29.193649,483418,9672.0
34,İstanbul_Pendik,TR10_İstanbul_alt_bölgesi,40.879326,29.258135,750435,15007.0
34,İstanbul_Sancaktepe,TR10_İstanbul_alt_bölgesi,41.0287028,29.2901829,489848,9802.0
34,İstanbul_Sarıyer,TR10_İstanbul_alt_bölgesi,41.166328,29.04995,350454,7016.0
34,İstanbul_Silivri,TR10_İstanbul_alt_bölgesi,41.080158,28.26829,217163,4347.0
34,İstanbul_Sultanbeyli,TR10_İstanbul_alt_bölgesi,40.9611123,29.2669438,358201,7157.0
34,İstanbul_Şile,TR10_İstanbul_alt_bölgesi,41.1763889,29.6127778,43464,866.0
34,İstanbul_Tuzla,TR10_İstanbul_alt_bölgesi,40.842,29.295,288878,5782.0
35,İzmir,TR31_İzmir_alt_bölgesi,38.4237,27.1428,4462056,89231.0
35,İzmir_Aliağa,TR31_İzmir_alt_bölgesi,38.795,26.9702778,104828,2104.0
35,İzmir_Bayındır,TR31_İzmir_alt_bölgesi,38.228565,27.646533,40073,804.0
35,İzmir_Bergama,TR31_İzmir_alt_bölgesi,39.1166667,27.1833333,105754,2109.0
35,İzmir_Beydağ,TR31_İzmir_alt_bölgesi,38.0868739,28.2088013,12030,242.0
35,İzmir_Çeşme,TR31_İzmir_alt_bölgesi,38.32981,26.314921,48924,973.0
35,İzmir_Dikili,TR31_İzmir_alt_bölgesi,39.072097,26.888203,47360,954.0
35,İzmir_Foça,TR31_İzmir_alt_bölgesi,38.6675,26.7580556,34946,692.0
35,İzmir_Karaburun,TR31_İzmir_alt_bölgesi,38.6333333,26.5166667,12200,234.0
35,İzmir_Kınık,TR31_İzmir_alt_bölgesi,39.088371,27.38069,28694,580.0
35,İzmir_Kiraz,TR31_İzmir_alt_bölgesi,38.2306,28.2044,43510,865.0
35,İzmir_Ödemiş,TR31_İzmir_alt_bölgesi,38.2305556,27.9716667,132740,2655.0
35,İzmir_Seferihisar,TR31_İzmir_alt_bölgesi,38.198921,26.837339,54993,1104.0
35,İzmir_Selçuk,TR31_İzmir_alt_bölgesi,37.949888,27.370142,38151,769.0
35,İzmir_Tire,TR31_İzmir_alt_bölgesi,38.088581,27.733471,87462,1740.0
35,İzmir_Torbalı,TR31_İzmir_alt_bölgesi,38.177841,27.35334,207840,4160.0
35,İzmir_Urla,TR31_İzmir_alt_bölgesi,38.32457,26.7619,74736,1501.0
36,Kars,TRA2_Ağrı_alt_bölgesi,40.59267,43.077831,274829,5494.0
36,Kars_Akyaka,TRA2_Ağrı_alt_bölgesi,40.7444444,43.625,9977,205.0
36,Kars_Arpaçay,TRA2_Ağrı_alt_bölgesi,40.85,43.3333333,15075,292.0
36,Kars_Digor,TRA2_Ağrı_alt_bölgesi,40.3755556,43.4125,19872,394.0
36,Kars_Kağızman,TRA2_Ağrı_alt_bölgesi,40.1577181,43.1331231,44178,892.0
36,Kars_Sarıkamış,TRA2_Ağrı_alt_bölgesi,40.331921,42.595169,37744,754.0
36,Kars_Selim,TRA2_Ağrı_alt_bölgesi,40.4633333,42.7858333,21488,432.0
37,Kastamonu,TR82_Kastamonu_alt_bölgesi,41.38871,33.78273,378115,7560.0
37,Kastamonu_Abana,TR82_Kastamonu_alt_bölgesi,41.9758333,34.0113889,4218,84.0
37,Kastamonu_Ağlı,TR82_Kastamonu_alt_bölgesi,41.6873612,33.5534665,2980,65.0
37,Kastamonu_Araç,TR82_Kastamonu_alt_bölgesi,41.2422222,33.3283333,18122,363.0
37,Kastamonu_Azdavay,TR82_Kastamonu_alt_bölgesi,41.6408126,33.2983279,7233,144.0
37,Kastamonu_Bozkurt,TR82_Kastamonu_alt_bölgesi,41.9609909,34.0153241,9064,187.0
37,Kastamonu_Cide,TR82_Kastamonu_alt_bölgesi,41.891941,33.000192,22179,436.0
37,Kastamonu_Çatalzeytin,TR82_Kastamonu_alt_bölgesi,41.954521,34.215031,7386,149.0
37,Kastamonu_Doğanyurt,TR82_Kastamonu_alt_bölgesi,42.0041489,33.459841,5342,105.0
37,Kastamonu_Hanönü,TR82_Kastamonu_alt_bölgesi,41.6385322,34.4970675,4197,74.0
37,Kastamonu_İnebolu,TR82_Kastamonu_alt_bölgesi,41.9747222,33.7608333,20571,415.0
37,Kastamonu_Küre,TR82_Kastamonu_alt_bölgesi,41.8047731,33.7106855,5303,98.0
37,Kastamonu_Pınarbaşı,TR82_Kastamonu_alt_bölgesi,41.6024392,33.1056816,5787,112.0
37,Kastamonu_Şenpazar,TR82_Kastamonu_alt_bölgesi,41.8069491,33.2325445,4268,87.0
37,Kastamonu_Taşköprü,TR82_Kastamonu_alt_bölgesi,41.5138889,34.2147222,36961,732.0
37,Kastamonu_Tosya,TR82_Kastamonu_alt_bölgesi,41.0184913,34.0373739,39609,788.0
38,Kayseri,TR72_Kayseri_alt_bölgesi,38.7205,35.4826,1441523,28835.0
38,Kayseri_Akkışla,TR72_Kayseri_alt_bölgesi,39.0,36.1666667,5563,116.0
38,Kayseri_Bünyan,TR72_Kayseri_alt_bölgesi,38.8483,35.86,29704,587.0
38,Kayseri_Develi,TR72_Kayseri_alt_bölgesi,38.385429,35.499519,66840,1335.0
38,Kayseri_Felahiye,TR72_Kayseri_alt_bölgesi,39.0913648,35.5685219,5419,98.0
38,Kayseri_Özvatan,TR72_Kayseri_alt_bölgesi,39.1064,35.699,3819,76.0
38,Kayseri_Pınarbaşı,TR72_Kayseri_alt_bölgesi,38.722,36.391,21240,426.0
38,Kayseri_Sarıoğlan,TR72_Kayseri_alt_bölgesi,39.0793999,35.9652586,13396,261.0
38,Kayseri_Sarız,TR72_Kayseri_alt_bölgesi,38.4791667,36.5005556,9282,195.0
38,Kayseri_Tomarza,TR72_Kayseri_alt_bölgesi,38.45,35.8,21100,424.0
38,Kayseri_Yahyalı,TR72_Kayseri_alt_bölgesi,38.1,35.3608333,35481,713.0
38,Kayseri_Yeşilhisar,TR72_Kayseri_alt_bölgesi,38.3585317,35.0801068,15531,304.0
39,Kırklareli,TR21_Tekirdağ_alt_bölgesi,41.7333333,27.2166667,369347,7386.0
39,Kırklareli_Babaeski,TR21_Tekirdağ_alt_bölgesi,41.4333333,27.1,46357,921.0
39,Kırklareli_Demirköy,TR21_Tekirdağ_alt_bölgesi,41.823,27.7623,8961,183.0
39,Kırklareli_Kofçaz,TR21_Tekirdağ_alt_bölgesi,41.939905,27.162063,2125,40.0
39,Kırklareli_Lüleburgaz,TR21_Tekirdağ_alt_bölgesi,41.4,27.35,153903,3086.0
39,Kırklareli_Pehlivanköy,TR21_Tekirdağ_alt_bölgesi,41.3480556,26.9197222,3380,65.0
39,Kırklareli_Pınarhisar,TR21_Tekirdağ_alt_bölgesi,41.6281282,27.5122086,17402,341.0
39,Kırklareli_Vize,TR21_Tekirdağ_alt_bölgesi,41.5736111,27.7652778,28669,571.0
40,Kırşehir,TR71_Kırıkkale_alt_bölgesi,39.15,34.1666667,244519,4894.0
40,Kırşehir_Akçakent,TR71_Kırıkkale_alt_bölgesi,39.6227778,34.0958333,3519,71.0
40,Kırşehir_Akpınar,TR71_Kırıkkale_alt_bölgesi,39.4472222,33.9680556,6893,133.0
40,Kırşehir_Çiçekdağı,TR71_Kırıkkale_alt_bölgesi,39.6069444,34.4086111,13529,269.0
40,Kırşehir_Kaman,TR71_Kırıkkale_alt_bölgesi,39.367119,33.72934,34129,690.0
40,Kırşehir_Mucur,TR71_Kırıkkale_alt_bölgesi,39.0636111,34.3783333,18211,358.0
41,Kocaeli,TR42_Kocaeli_alt_bölgesi,40.8532704,29.8815203,2079072,41579.0
41,Kocaeli_Başiskele,TR42_Kocaeli_alt_bölgesi,40.6298368,29.950926,116650,2325.0
41,Kocaeli_Çayırova,TR42_Kocaeli_alt_bölgesi,40.8361421,29.3831026,150792,3022.0
41,Kocaeli_Darıca,TR42_Kocaeli_alt_bölgesi,40.769587,29.370031,225602,4515.0
41,Kocaeli_Dilovası,TR42_Kocaeli_alt_bölgesi,40.7797222,29.535,53416,1069.0
41,Kocaeli_Gebze,TR42_Kocaeli_alt_bölgesi,40.8,29.4333333,407019,8136.0
41,Kocaeli_Gölcük,TR42_Kocaeli_alt_bölgesi,40.7120603,29.8410174,175940,3520.0
41,Kocaeli_Kandıra,TR42_Kocaeli_alt_bölgesi,41.07,30.15,52874,1063.0
41,Kocaeli_Karamürsel,TR42_Kocaeli_alt_bölgesi,40.6891667,29.615,59676,1195.0
41,Kocaeli_Kartepe,TR42_Kocaeli_alt_bölgesi,40.7013917,30.0896313,136625,2737.0
42,Konya,TR52_Konya_alt_bölgesi,37.8746,32.4932,2296347,45921.0
42,Konya_Ahırlı,TR52_Konya_alt_bölgesi,37.2375,32.1180556,4574,96.0
42,Konya_Akşehir,TR52_Konya_alt_bölgesi,38.355911,31.415409,93965,1886.0
42,Konya_Altınekin,TR52_Konya_alt_bölgesi,38.3077778,32.8686111,14289,290.0
42,Konya_Beyşehir,TR52_Konya_alt_bölgesi,37.6763889,31.7261111,77690,1551.0
42,Konya_Bozkır,TR52_Konya_alt_bölgesi,37.1877778,32.2480556,25307,503.0
42,Konya_Cihanbeyli,TR52_Konya_alt_bölgesi,38.6580556,32.9280556,50677,1010.0
42,Konya_Çeltik,TR52_Konya_alt_bölgesi,39.0244444,31.7905556,9429,182.0
42,Konya_Derebucak,TR52_Konya_alt_bölgesi,37.3936111,31.5075,5690,119.0
42,Konya_Doğanhisar,TR52_Konya_alt_bölgesi,38.1447222,31.6780556,14812,287.0
42,Konya_Emirgazi,TR52_Konya_alt_bölgesi,37.9022222,33.8372222,7724,147.0
42,Konya_Ereğli,TR52_Konya_alt_bölgesi,37.5058333,34.0516667,150978,3009.0
42,Konya_Güneysınır,TR52_Konya_alt_bölgesi,37.2686111,32.7330556,9266,184.0
42,Konya_Hadim,TR52_Konya_alt_bölgesi,36.990669,32.46207,10999,223.0
42,Konya_Halkapınar,TR52_Konya_alt_bölgesi,37.4353035,34.1893473,3909,69.0
42,Konya_Hüyük,TR52_Konya_alt_bölgesi,37.9519444,31.5958333,15144,298.0
42,Konya_Ilgın,TR52_Konya_alt_bölgesi,38.2791667,31.9138889,53489,1063.0
42,Konya_Karapınar,TR52_Konya_alt_bölgesi,37.714821,33.552238,50323,1013.0
42,Konya_Kulu,TR52_Konya_alt_bölgesi,39.0891667,33.0805556,51612,1036.0
42,Konya_Seydişehir,TR52_Konya_alt_bölgesi,37.423908,31.85071,65465,1313.0
42,Konya_Taşkent,TR52_Konya_alt_bölgesi,36.9225015,32.4948384,5768,113.0
42,Konya_Tuzlukçu,TR52_Konya_alt_bölgesi,38.478168,31.63121,6062,127.0
42,Konya_Yalıhüyük,TR52_Konya_alt_bölgesi,37.3036111,32.0869444,1710,38.0
42,Konya_Yunak,TR52_Konya_alt_bölgesi,38.8172222,31.7355556,20991,421.0
43,Kütahya,TR33_Manisa_alt_bölgesi,39.4166667,29.9833333,580701,11607.0
43,Kütahya_Altıntaş,TR33_Manisa_alt_bölgesi,39.0615228,30.1098472,15018,296.0
43,Kütahya_Çavdarhisar,TR33_Manisa_alt_bölgesi,39.1977778,29.6158333,5771,122.0
43,Kütahya_Domaniç,TR33_Manisa_alt_bölgesi,39.803471,29.61153,14174,275.0
43,Kütahya_Dumlupınar,TR33_Manisa_alt_bölgesi,38.8563973,29.9769441,2854,59.0
43,Kütahya_Emet,TR33_Manisa_alt_bölgesi,39.3420624,29.2582282,18843,372.0
43,Kütahya_Gediz,TR33_Manisa_alt_bölgesi,38.9876217,29.3860054,50151,1011.0
43,Kütahya_Hisarcık,TR33_Manisa_alt_bölgesi,39.2469225,29.2407955,11115,213.0
43,Kütahya_Pazarlar,TR33_Manisa_alt_bölgesi,38.9971092,29.1245255,4840,106.0
43,Kütahya_Simav,TR33_Manisa_alt_bölgesi,39.092739,28.97761,61265,1223.0
43,Kütahya_Şaphane,TR33_Manisa_alt_bölgesi,39.0277778,29.2227778,5695,105.0
43,Kütahya_Tavşanlı,TR33_Manisa_alt_bölgesi,39.544399,29.491579,100568,2017.0
44,Malatya,TRB1_Malatya_alt_bölgesi,38.35519,38.30946,812580,16245.0
44,Malatya_Akçadağ,TRB1_Malatya_alt_bölgesi,38.35,37.9666667,27872,555.0
44,Malatya_Arapgir,TRB1_Malatya_alt_bölgesi,39.0466847,38.4878234,9964,196.0
44,Malatya_Arguvan,TRB1_Malatya_alt_bölgesi,38.7730293,38.2713867,6869,129.0
44,Malatya_Darende,TRB1_Malatya_alt_bölgesi,38.5472,37.5111,24588,493.0
44,Malatya_Doğanşehir,TRB1_Malatya_alt_bölgesi,38.0958333,37.8791667,37697,762.0
44,Malatya_Doğanyol,TRB1_Malatya_alt_bölgesi,38.3105556,39.0394444,3705,82.0
44,Malatya_Hekimhan,TRB1_Malatya_alt_bölgesi,38.8166667,37.9333333,15706,314.0
44,Malatya_Kale,TRB1_Malatya_alt_bölgesi,38.4161111,38.7666667,5571,112.0
44,Malatya_Kuluncak,TRB1_Malatya_alt_bölgesi,38.8833333,37.6666667,7000,139.0
44,Malatya_Pütürge,TRB1_Malatya_alt_bölgesi,38.1966667,38.8697222,12492,246.0
44,Malatya_Yazıhan,TRB1_Malatya_alt_bölgesi,38.5969444,38.1877778,11984,237.0
45,Manisa,TR33_Manisa_alt_bölgesi,38.619099,27.428921,1468279,29357.0
45,Manisa_Ahmetli,TR33_Manisa_alt_bölgesi,38.5215064,27.9395454,16963,338.0
45,Manisa_Akhisar,TR33_Manisa_alt_bölgesi,38.92469,27.83618,177419,3557.0
45,Manisa_Alaşehir,TR33_Manisa_alt_bölgesi,38.350861,28.515169,104717,2098.0
45,Manisa_Demirci,TR33_Manisa_alt_bölgesi,39.045,28.6580556,36620,736.0
45,Manisa_Gölmarmara,TR33_Manisa_alt_bölgesi,38.7166667,27.9166667,15193,298.0
45,Manisa_Gördes,TR33_Manisa_alt_bölgesi,38.9327778,28.2902778,26458,530.0
45,Manisa_Kırkağaç,TR33_Manisa_alt_bölgesi,39.109379,27.666201,37645,750.0
45,Manisa_Köprübaşı,TR33_Manisa_alt_bölgesi,38.7497222,28.4047222,12730,259.0
45,Manisa_Kula,TR33_Manisa_alt_bölgesi,38.5458333,28.6494444,43227,855.0
45,Manisa_Salihli,TR33_Manisa_alt_bölgesi,38.4811111,28.1391667,165113,3308.0
45,Manisa_Sarıgöl,TR33_Manisa_alt_bölgesi,38.2402778,28.6988889,35537,718.0
45,Manisa_Selendi,TR33_Manisa_alt_bölgesi,38.7444444,28.8677778,19203,388.0
45,Manisa_Soma,TR33_Manisa_alt_bölgesi,39.1883333,27.6088889,111789,2241.0
46,Kahramanmaraş,TR63_Hatay_alt_bölgesi,37.5753,36.9228,1177436,23541.0
46,Kahramanmaraş_Afşin,TR63_Hatay_alt_bölgesi,38.25,36.9166667,80044,1590.0
46,Kahramanmaraş_Andırın,TR63_Hatay_alt_bölgesi,37.576345,36.3525183,31224,633.0
46,Kahramanmaraş_Çağlayancerit,TR63_Hatay_alt_bölgesi,37.7502,37.2932,22350,449.0
46,Kahramanmaraş_Ekinözü,TR63_Hatay_alt_bölgesi,38.0617,37.1928,10290,215.0
46,Kahramanmaraş_Elbistan,TR63_Hatay_alt_bölgesi,38.20266,37.206169,141307,2833.0
46,Kahramanmaraş_Göksun,TR63_Hatay_alt_bölgesi,38.0166667,36.5,50676,1016.0
46,Kahramanmaraş_Nurhak,TR63_Hatay_alt_bölgesi,37.9666667,37.4333333,12257,247.0
46,Kahramanmaraş_Pazarcık,TR63_Hatay_alt_bölgesi,37.4898349,37.2945303,70173,1409.0
47,Mardin,TRC3_Mardin_alt_bölgesi,37.3126,40.739,870374,17412.0
47,Mardin_Dargeçit,TRC3_Mardin_alt_bölgesi,37.547104,41.7183823,27147,537.0
47,Mardin_Derik,TRC3_Mardin_alt_bölgesi,37.3658333,40.2697222,62028,1243.0
47,Mardin_Mazıdağı,TRC3_Mardin_alt_bölgesi,37.4833333,40.4833333,36442,722.0
47,Mardin_Midyat,TRC3_Mardin_alt_bölgesi,37.4154,41.3718,120069,2400.0
47,Mardin_Nusaybin,TRC3_Mardin_alt_bölgesi,37.0756876,41.2145207,115586,2311.0
47,Mardin_Savur,TRC3_Mardin_alt_bölgesi,37.5378579,40.8896718,24821,490.0
48,Muğla,TR32_Aydın_alt_bölgesi,37.2152778,28.3636111,1048185,20970.0
48,Muğla_Bodrum,TR32_Aydın_alt_bölgesi,37.035339,27.43029,192964,3859.0
48,Muğla_Dalaman,TR32_Aydın_alt_bölgesi,36.77187,28.797701,47482,945.0
48,Muğla_Datça,TR32_Aydın_alt_bölgesi,36.7283,27.6869,25029,498.0
48,Muğla_Fethiye,TR32_Aydın_alt_bölgesi,36.6513889,29.1230556,177702,3559.0
48,Muğla_Köyceğiz,TR32_Aydın_alt_bölgesi,36.97126,28.688841,39242,779.0
48,Muğla_Marmaris,TR32_Aydın_alt_bölgesi,36.863411,28.27504,97818,1954.0
48,Muğla_Milas,TR32_Aydın_alt_bölgesi,37.3127778,27.7819444,147416,2946.0
48,Muğla_Ortaca,TR32_Aydın_alt_bölgesi,36.8377778,28.7661111,54478,1084.0
49,Muş,TRB2_Van_alt_bölgesi,38.7432926,41.5064823,399202,7974.0
49,Muş_Bulanık,TRB2_Van_alt_bölgesi,39.095,42.2666667,74591,1499.0
49,Muş_Korkut,TRB2_Van_alt_bölgesi,38.7442482,41.7839287,23106,452.0
49,Muş_Malazgirt,TRB2_Van_alt_bölgesi,39.150051,42.5541,45371,901.0
49,Muş_Varto,TRB2_Van_alt_bölgesi,39.1694444,41.4541667,30267,608.0
50,Nevşehir,TR71_Kırıkkale_alt_bölgesi,38.62442,34.723969,310011,6208.0
50,Nevşehir_Acıgöl,TR71_Kırıkkale_alt_bölgesi,38.5528906,34.5057525,19005,382.0
50,Nevşehir_Derinkuyu,TR71_Kırıkkale_alt_bölgesi,38.373451,34.739479,20676,404.0
50,Nevşehir_Hacıbektaş,TR71_Kırıkkale_alt_bölgesi,38.9674447,34.6414028,10884,209.0
50,Nevşehir_Kozaklı,TR71_Kırıkkale_alt_bölgesi,39.2165516,34.8486199,12910,262.0
50,Nevşehir_Ürgüp,TR71_Kırıkkale_alt_bölgesi,38.5520179,34.994751,36695,734.0
51,Niğde,TR71_Kırıkkale_alt_bölgesi,37.9666667,34.6833333,365419,7312.0
51,Niğde_Altunhisar,TR71_Kırıkkale_alt_bölgesi,38.0,34.3666667,11558,228.0
51,Niğde_Çamardı,TR71_Kırıkkale_alt_bölgesi,37.8320289,34.9864861,11495,238.0
51,Niğde_Ulukışla,TR71_Kırıkkale_alt_bölgesi,37.5457881,34.4835855,18983,383.0
52,Ordu,TR90_Trabzon_alt_bölgesi,40.9862,37.8797,763190,15258.0
52,Ordu_Akkuş,TR90_Trabzon_alt_bölgesi,40.7930556,37.0163889,21258,425.0
52,Ordu_Aybastı,TR90_Trabzon_alt_bölgesi,40.6821551,37.3943332,20969,424.0
52,Ordu_Çamaş,TR90_Trabzon_alt_bölgesi,40.898991,37.530029,8211,173.0
52,Ordu_Çatalpınar,TR90_Trabzon_alt_bölgesi,41.1060496,37.2516661,13025,252.0
52,Ordu_Çaybaşı,TR90_Trabzon_alt_bölgesi,41.0185714,37.0975924,11889,237.0
52,Ordu_Fatsa,TR90_Trabzon_alt_bölgesi,41.0333333,37.5,126775,2540.0
52,Ordu_Gölköy,TR90_Trabzon_alt_bölgesi,40.6875,37.6177778,25960,522.0
52,Ordu_Gürgentepe,TR90_Trabzon_alt_bölgesi,40.7883333,37.6016667,12617,243.0
52,Ordu_İkizce,TR90_Trabzon_alt_bölgesi,41.0583333,37.0802778,13276,264.0
52,Ordu_Kabataş,TR90_Trabzon_alt_bölgesi,40.75,37.45,10119,192.0
52,Ordu_Korgan,TR90_Trabzon_alt_bölgesi,40.8247222,37.3466667,27349,541.0
52,Ordu_Kumru,TR90_Trabzon_alt_bölgesi,40.8744444,37.2638889,28436,565.0
52,Ordu_Mesudiye,TR90_Trabzon_alt_bölgesi,40.46294,37.770821,13221,256.0
52,Ordu_Ünye,TR90_Trabzon_alt_bölgesi,41.127831,37.287189,132432,2639.0
53,Rize,TR90_Trabzon_alt_bölgesi,41.02005,40.523449,344016,6887.0
53,Rize_Ardeşen,TR90_Trabzon_alt_bölgesi,41.1878114,40.9706691,42572,855.0
53,Rize_Çamlıhemşin,TR90_Trabzon_alt_bölgesi,41.0464845,41.0048663,6911,132.0
53,Rize_Çayeli,TR90_Trabzon_alt_bölgesi,41.089451,40.736488,42865,859.0
53,Rize_Hemşin,TR90_Trabzon_alt_bölgesi,41.05,40.9,2356,46.0
53,Rize_İkizdere,TR90_Trabzon_alt_bölgesi,40.7818686,40.5533405,6176,130.0
53,Rize_Pazar,TR90_Trabzon_alt_bölgesi,41.180043,40.8914022,31484,631.0
54,Sakarya,TR42_Kocaeli_alt_bölgesi,40.7731,30.3948,1080080,21606.0
54,Sakarya_Akyazı,TR42_Kocaeli_alt_bölgesi,40.6833333,30.6252778,94494,1893.0
54,Sakarya_Ferizli,TR42_Kocaeli_alt_bölgesi,40.939719,30.4885735,30741,619.0
54,Sakarya_Geyve,TR42_Kocaeli_alt_bölgesi,40.519299,30.30188,50799,1023.0
54,Sakarya_Hendek,TR42_Kocaeli_alt_bölgesi,40.805099,30.7493,90153,1793.0
54,Sakarya_Karapürçek,TR42_Kocaeli_alt_bölgesi,40.6425,30.5386,13339,265.0
54,Sakarya_Karasu,TR42_Kocaeli_alt_bölgesi,41.1036111,30.6936111,70600,1412.0
54,Sakarya_Kaynarca,TR42_Kocaeli_alt_bölgesi,41.03466,30.31016,24483,492.0
54,Sakarya_Kocaali,TR42_Kocaeli_alt_bölgesi,41.0547222,30.8502778,22882,466.0
54,Sakarya_Pamukova,TR42_Kocaeli_alt_bölgesi,40.5052701,30.1675902,30482,617.0
54,Sakarya_Taraklı,TR42_Kocaeli_alt_bölgesi,40.3969444,30.4927778,6894,128.0
55,Samsun,TR83_Samsun_alt_bölgesi,41.2797,36.3361,1368488,27366.0
55,Samsun_Alaçam,TR83_Samsun_alt_bölgesi,41.6169185,35.6054166,24647,496.0
55,Samsun_Asarcık,TR83_Samsun_alt_bölgesi,41.0418153,36.230204,16001,329.0
55,Samsun_Ayvacık,TR83_Samsun_alt_bölgesi,40.987041,36.63142,18928,386.0
55,Samsun_Bafra,TR83_Samsun_alt_bölgesi,41.565418,35.895241,142190,2837.0
55,Samsun_Çarşamba,TR83_Samsun_alt_bölgesi,41.198959,36.726891,140664,2814.0
55,Samsun_Havza,TR83_Samsun_alt_bölgesi,40.97044,35.662601,38492,763.0
55,Samsun_Kavak,TR83_Samsun_alt_bölgesi,41.0736111,36.0402778,22747,460.0
55,Samsun_Ladik,TR83_Samsun_alt_bölgesi,40.9105556,35.8919444,16072,328.0
55,Samsun_19 Mayıs,TR83_Samsun_alt_bölgesi,41.5,36.083333,26989,542.0
55,Samsun_Salıpazarı,TR83_Samsun_alt_bölgesi,41.0805525,36.8266328,19017,380.0
55,Samsun_Terme,TR83_Samsun_alt_bölgesi,41.209209,36.97065,71092,1419.0
55,Samsun_Vezirköprü,TR83_Samsun_alt_bölgesi,41.145081,35.45726,90308,1799.0
55,Samsun_Yakakent,TR83_Samsun_alt_bölgesi,41.633103,35.5322627,8693,172.0
56,Siirt,TRC3_Mardin_alt_bölgesi,37.94429,41.93288,331311,6617.0
56,Siirt_Baykan,TRC3_Mardin_alt_bölgesi,38.1638889,41.7847222,24252,488.0
56,Siirt_Eruh,TRC3_Mardin_alt_bölgesi,37.75,42.1833333,17938,358.0
56,Siirt_Kurtalan,TRC3_Mardin_alt_bölgesi,37.92662,41.6947573,60289,1199.0
56,Siirt_Pervari,TRC3_Mardin_alt_bölgesi,37.9309505,42.5465358,29440,580.0
57,Sinop,TR82_Kastamonu_alt_bölgesi,42.0264222,35.1550745,220799,4421.0
57,Sinop_Ayancık,TR82_Kastamonu_alt_bölgesi,41.947041,34.59177,23923,486.0
57,Sinop_Boyabat,TR82_Kastamonu_alt_bölgesi,41.4666667,34.7666667,44502,893.0
57,Sinop_Dikmen,TR82_Kastamonu_alt_bölgesi,41.6540491,35.2649916,4711,89.0
57,Sinop_Durağan,TR82_Kastamonu_alt_bölgesi,41.4219764,35.0549829,16832,329.0
57,Sinop_Erfelek,TR82_Kastamonu_alt_bölgesi,41.8763569,34.9085152,12363,252.0
57,Sinop_Gerze,TR82_Kastamonu_alt_bölgesi,41.800411,35.18718,27967,554.0
57,Sinop_Saraydüzü,TR82_Kastamonu_alt_bölgesi,41.3281618,34.8474633,5523,103.0
57,Sinop_Türkeli,TR82_Kastamonu_alt_bölgesi,41.9486111,34.3366667,16006,328.0
58,Sivas,TR72_Kayseri_alt_bölgesi,39.747662,37.017879,634924,12692.0
58,Sivas_Akıncılar,TR72_Kayseri_alt_bölgesi,40.0803,38.3472,4808,86.0
58,Sivas_Altınyayla,TR72_Kayseri_alt_bölgesi,39.272,36.752,8738,166.0
58,Sivas_Divriği,TR72_Kayseri_alt_bölgesi,39.36586,38.127251,16082,320.0
58,Sivas_Doğanşar,TR72_Kayseri_alt_bölgesi,40.2166667,37.5333333,2704,49.0
58,Sivas_Gemerek,TR72_Kayseri_alt_bölgesi,39.1852,36.075031,21276,425.0
58,Sivas_Gölova,TR72_Kayseri_alt_bölgesi,40.0622,38.6094,3246,72.0
58,Sivas_Gürün,TR72_Kayseri_alt_bölgesi,38.7225,37.2775,18009,354.0
58,Sivas_İmranlı,TR72_Kayseri_alt_bölgesi,39.8765105,38.1106253,7002,135.0
58,Sivas_Kangal,TR72_Kayseri_alt_bölgesi,39.2333333,37.3833333,19667,390.0
58,Sivas_Koyulhisar,TR72_Kayseri_alt_bölgesi,40.3,37.8333333,12183,234.0
58,Sivas_Suşehri,TR72_Kayseri_alt_bölgesi,40.162281,38.095749,25499,516.0
58,Sivas_Şarkışla,TR72_Kayseri_alt_bölgesi,39.350948,36.417599,37409,739.0
58,Sivas_Zara,TR72_Kayseri_alt_bölgesi,39.895,37.7531,21509,428.0
59,Tekirdağ,TR21_Tekirdağ_alt_bölgesi,40.9833333,27.5166667,1142451,22855.0
59,Tekirdağ_Çerkezköy,TR21_Tekirdağ_alt_bölgesi,41.2833333,28.0,206829,4129.0
59,Tekirdağ_Çorlu,TR21_Tekirdağ_alt_bölgesi,41.167461,27.805599,290155,5812.0
59,Tekirdağ_Hayrabolu,TR21_Tekirdağ_alt_bölgesi,41.2131684,27.1000014,30521,600.0
59,Tekirdağ_Malkara,TR21_Tekirdağ_alt_bölgesi,40.8933333,26.9041667,50988,1022.0
59,Tekirdağ_Marmaraereğlisi,TR21_Tekirdağ_alt_bölgesi,40.97,27.955,29549,582.0
59,Tekirdağ_Muratlı,TR21_Tekirdağ_alt_bölgesi,41.174049,27.508789,30067,604.0
59,Tekirdağ_Saray,TR21_Tekirdağ_alt_bölgesi,41.4425419,27.921971,50766,1017.0
59,Tekirdağ_Şarköy,TR21_Tekirdağ_alt_bölgesi,40.61343,27.11357,33466,664.0
60,Tokat,TR83_Samsun_alt_bölgesi,40.3166667,36.55,596454,11919.0
60,Tokat_Almus,TR83_Samsun_alt_bölgesi,40.3757197,36.9044104,22126,445.0
60,Tokat_Artova,TR83_Samsun_alt_bölgesi,40.115426,36.3041552,7420,156.0
60,Tokat_Başçiftlik,TR83_Samsun_alt_bölgesi,40.55,37.166667,6097,127.0
60,Tokat_Erbaa,TR83_Samsun_alt_bölgesi,40.6666667,36.5666667,100382,2002.0
60,Tokat_Niksar,TR83_Samsun_alt_bölgesi,40.590542,36.953602,62052,1232.0
60,Tokat_Reşadiye,TR83_Samsun_alt_bölgesi,40.2076,35.685421,32600,653.0
60,Tokat_Sulusaray,TR83_Samsun_alt_bölgesi,39.9965587,36.084759,6533,134.0
60,Tokat_Turhal,TR83_Samsun_alt_bölgesi,40.38546,36.074322,78129,1558.0
60,Tokat_Yeşilyurt,TR83_Samsun_alt_bölgesi,40.0103794,36.2163407,8336,170.0
60,Tokat_Zile,TR83_Samsun_alt_bölgesi,40.3,35.8833333,53315,1072.0
61,Trabzon,TR90_Trabzon_alt_bölgesi,41.0,39.7333333,818023,16370.0
61,Trabzon_Araklı,TR90_Trabzon_alt_bölgesi,40.9391608,40.0550396,48581,966.0
61,Trabzon_Beşikdüzü,TR90_Trabzon_alt_bölgesi,41.0494444,39.2352778,23774,468.0
61,Trabzon_Çarşıbaşı,TR90_Trabzon_alt_bölgesi,41.083333,39.383333,15227,308.0
61,Trabzon_Çaykara,TR90_Trabzon_alt_bölgesi,40.7520752,40.2449213,13070,257.0
61,Trabzon_Dernekpazarı,TR90_Trabzon_alt_bölgesi,40.8019387,40.2448097,3761,74.0
61,Trabzon_Düzköy,TR90_Trabzon_alt_bölgesi,40.8759072,39.4272206,13312,259.0
61,Trabzon_Hayrat,TR90_Trabzon_alt_bölgesi,40.8902322,40.3676217,7667,143.0
61,Trabzon_Köprübaşı,TR90_Trabzon_alt_bölgesi,40.8081526,40.1225939,4318,93.0
61,Trabzon_Maçka,TR90_Trabzon_alt_bölgesi,40.8166667,39.6166667,24709,498.0
61,Trabzon_Of,TR90_Trabzon_alt_bölgesi,40.9454046,40.269028,43591,862.0
61,Trabzon_Sürmene,TR90_Trabzon_alt_bölgesi,40.9127386,40.1109783,25950,520.0
61,Trabzon_Şalpazarı,TR90_Trabzon_alt_bölgesi,40.9418571,39.1910715,10434,206.0
61,Trabzon_Tonya,TR90_Trabzon_alt_bölgesi,40.8854019,39.2924269,13457,278.0
61,Trabzon_Vakfıkebir,TR90_Trabzon_alt_bölgesi,41.0474944,39.2798028,27060,543.0
62,Tunceli,TRB1_Malatya_alt_bölgesi,39.1079868,39.5401672,84366,1696.0
62,Tunceli_Çemişgezek,TRB1_Malatya_alt_bölgesi,39.0636111,38.9133333,7312,155.0
62,Tunceli_Hozat,TRB1_Malatya_alt_bölgesi,39.1088889,39.2191667,5260,103.0
62,Tunceli_Nazımiye,TRB1_Malatya_alt_bölgesi,39.1811111,39.8288889,3079,58.0
62,Tunceli_Ovacık,TRB1_Malatya_alt_bölgesi,39.3583333,39.2161111,6407,132.0
62,Tunceli_Pertek,TRB1_Malatya_alt_bölgesi,38.8669444,39.3261111,10823,216.0
62,Tunceli_Pülümür,TRB1_Malatya_alt_bölgesi,39.4833333,39.9,3498,64.0
63,Şanlıurfa,TRC2_Şanlıurfa_alt_bölgesi,37.15,38.8,2170110,43394.0
63,Şanlıurfa_Akçakale,TRC2_Şanlıurfa_alt_bölgesi,36.711,38.948,123721,2474.0
63,Şanlıurfa_Birecik,TRC2_Şanlıurfa_alt_bölgesi,37.025,37.9769444,93613,1872.0
63,Şanlıurfa_Ceylanpınar,TRC2_Şanlıurfa_alt_bölgesi,36.85,40.05,90440,1807.0
63,Şanlıurfa_Halfeti,TRC2_Şanlıurfa_alt_bölgesi,37.25,37.8666667,41662,838.0
63,Şanlıurfa_Harran,TRC2_Şanlıurfa_alt_bölgesi,36.8652394,39.0241756,96072,1914.0
63,Şanlıurfa_Hilvan,TRC2_Şanlıurfa_alt_bölgesi,37.5886111,38.9555556,42218,846.0
63,Şanlıurfa_Siverek,TRC2_Şanlıurfa_alt_bölgesi,37.75201,39.332069,267942,5365.0
63,Şanlıurfa_Suruç,TRC2_Şanlıurfa_alt_bölgesi,36.9746519,38.4245156,100961,2028.0
63,Şanlıurfa_Viranşehir,TRC2_Şanlıurfa_alt_bölgesi,37.2333333,39.7666667,207315,4137.0
64,Uşak,TR33_Manisa_alt_bölgesi,38.682301,29.40819,375454,7510.0
64,Uşak_Banaz,TR33_Manisa_alt_bölgesi,38.7333333,29.75,35181,694.0
64,Uşak_Eşme,TR33_Manisa_alt_bölgesi,38.401871,28.96896,34312,691.0
64,Uşak_Karahallı,TR33_Manisa_alt_bölgesi,38.325821,29.53051,9664,192.0
64,Uşak_Sivaslı,TR33_Manisa_alt_bölgesi,38.498701,29.6817845,19733,387.0
64,Uşak_Ulubey,TR33_Manisa_alt_bölgesi,38.4229294,29.2930875,12024,231.0
65,Van,TRB2_Van_alt_bölgesi,38.5012,43.373,1128749,22569.0
65,Van_Bahçesaray,TRB2_Van_alt_bölgesi,38.1286363,42.8092096,13495,279.0
65,Van_Başkale,TRB2_Van_alt_bölgesi,38.046,44.015,44168,879.0
65,Van_Çaldıran,TRB2_Van_alt_bölgesi,39.1419444,43.9138889,58635,1173.0
65,Van_Çatak,TRB2_Van_alt_bölgesi,38.0065818,43.0585505,18462,376.0
65,Van_Erciş,TRB2_Van_alt_bölgesi,39.0265354,43.353334,171000,3426.0
65,Van_Muradiye,TRB2_Van_alt_bölgesi,38.9947222,43.7680556,45718,909.0
65,Van_Özalp,TRB2_Van_alt_bölgesi,38.6580037,43.9919959,59851,1190.0
65,Van_Saray,TRB2_Van_alt_bölgesi,38.6505556,44.17,19471,397.0
66,Yozgat,TR72_Kayseri_alt_bölgesi,39.82,34.8044444,418442,8374.0
66,Yozgat_Akdağmadeni,TR72_Kayseri_alt_bölgesi,39.6658333,35.8836111,41577,837.0
66,Yozgat_Aydıncık,TR32_Aydın_alt_bölgesi,40.1288432,35.2861824,11552,225.0
66,Yozgat_Boğazlıyan,TR72_Kayseri_alt_bölgesi,39.1941667,35.2472222,33892,677.0
66,Yozgat_Çandır,TR72_Kayseri_alt_bölgesi,39.2447222,35.5138889,4227,84.0
66,Yozgat_Çayıralan,TR72_Kayseri_alt_bölgesi,39.3027778,35.6438889,12109,251.0
66,Yozgat_Çekerek,TR72_Kayseri_alt_bölgesi,40.0730556,35.4947222,18245,374.0
66,Yozgat_Kadışehri,TR72_Kayseri_alt_bölgesi,39.9984928,35.7899202,10004,197.0
66,Yozgat_Saraykent,TR72_Kayseri_alt_bölgesi,39.6936111,35.5111111,11966,245.0
66,Yozgat_Sarıkaya,TR72_Kayseri_alt_bölgesi,39.4936111,35.3769444,32175,635.0
66,Yozgat_Sorgun,TR72_Kayseri_alt_bölgesi,39.812803,35.181652,79977,1595.0
66,Yozgat_Şefaatli,TR72_Kayseri_alt_bölgesi,39.5016667,34.7522222,14129,282.0
66,Yozgat_Yenifakılı,TR72_Kayseri_alt_bölgesi,39.2114486,34.9975057,5178,100.0
66,Yozgat_Yerköy,TR72_Kayseri_alt_bölgesi,39.6380556,34.4672222,34214,693.0
67,Zonguldak,TR81_Zonguldak_alt_bölgesi,41.456409,31.798731,588510,11770.0
67,Zonguldak_Alaplı,TR81_Zonguldak_alt_bölgesi,41.1833333,31.3833333,42720,852.0
67,Zonguldak_Çaycuma,TR81_Zonguldak_alt_bölgesi,41.4333333,32.0833333,90583,1813.0
67,Zonguldak_Devrek,TR81_Zonguldak_alt_bölgesi,41.225201,31.959709,57069,1135.0
67,Zonguldak_Gökçebey,TR81_Zonguldak_alt_bölgesi,41.3079384,32.1415847,21165,417.0
67,Zonguldak_Ereğli,TR81_Zonguldak_alt_bölgesi,41.2894444,31.4180556,175309,3515.0
68,Aksaray,TR71_Kırıkkale_alt_bölgesi,38.36869,34.03698,433055,8665.0
68,Aksaray_Ağaçören,TR71_Kırıkkale_alt_bölgesi,38.8722222,33.9172222,7577,153.0
68,Aksaray_Eskil,TR71_Kırıkkale_alt_bölgesi,38.4016667,33.4130556,27188,547.0
68,Aksaray_Gülağaç,TR71_Kırıkkale_alt_bölgesi,38.4,34.35,19158,388.0
68,Aksaray_Güzelyurt,TR71_Kırıkkale_alt_bölgesi,38.2811386,34.3088255,10467,204.0
68,Aksaray_Ortaköy,TR71_Kırıkkale_alt_bölgesi,38.7361111,34.0402778,31818,632.0
68,Aksaray_Sarıyahşi,TR71_Kırıkkale_alt_bölgesi,38.9833333,33.85,5097,95.0
69,Bayburt,TRA1_Erzurum_alt_bölgesi,40.255169,40.22488,84241,1678.0
69,Bayburt_Aydıntepe,TR32_Aydın_alt_bölgesi,40.3908333,40.1505556,6119,122.0
69,Bayburt_Demirözü,TRA1_Erzurum_alt_bölgesi,40.1638889,39.8925,7900,163.0
70,Karaman,TR52_Konya_alt_bölgesi,37.17593,33.228748,260838,5220.0
70,Karaman_Ayrancı,TR52_Konya_alt_bölgesi,37.3619444,33.6836111,7608,143.0
70,Karaman_Başyayla,TR52_Konya_alt_bölgesi,36.7547222,32.6788889,3432,59.0
70,Karaman_Ermenek,TR52_Konya_alt_bölgesi,36.6388889,32.8925,27776,552.0
70,Karaman_Kazımkarabekir,TR52_Konya_alt_bölgesi,37.2302778,32.9588889,4531,91.0
70,Karaman_Sarıveliler,TR52_Konya_alt_bölgesi,36.7011654,32.6192672,11251,215.0
71,Kırıkkale,TR71_Kırıkkale_alt_bölgesi,39.846821,33.515251,277046,5533.0
71,Kırıkkale_Bahşılı,TR71_Kırıkkale_alt_bölgesi,39.7007427,33.3710571,7194,148.0
71,Kırıkkale_Balışeyh,TR71_Kırıkkale_alt_bölgesi,39.9166667,33.7166667,5857,120.0
71,Kırıkkale_Çelebi,TR71_Kırıkkale_alt_bölgesi,39.4641936,33.5252068,2304,44.0
71,Kırıkkale_Delice,TR71_Kırıkkale_alt_bölgesi,39.9436712,34.0395217,9386,178.0
71,Kırıkkale_Karakeçili,TR71_Kırıkkale_alt_bölgesi,39.5944352,33.3794717,2949,61.0
71,Kırıkkale_Keskin,TR71_Kırıkkale_alt_bölgesi,39.6730556,33.6136111,15637,311.0
71,Kırıkkale_Sulakyurt,TR71_Kırıkkale_alt_bölgesi,40.1575,33.7175,6106,129.0
72,Batman,TRC3_Mardin_alt_bölgesi,37.881168,41.13509,634491,12683.0
72,Batman_Gercüş,TRC3_Mardin_alt_bölgesi,37.5648701,41.3879822,19106,382.0
72,Batman_Hasankeyf,TRC3_Mardin_alt_bölgesi,37.7141667,41.4130556,7319,146.0
72,Batman_Kozluk,TRC3_Mardin_alt_bölgesi,38.1944444,41.4911111,60128,1202.0
72,Batman_Sason,TRC3_Mardin_alt_bölgesi,38.3333333,41.4166667,29473,597.0
73,Şırnak,TRC3_Mardin_alt_bölgesi,37.5163889,42.4611111,557605,11142.0
73,Şırnak_Beytüşşebap,TRC3_Mardin_alt_bölgesi,37.570945,43.1711666,16044,317.0
73,Şırnak_Cizre,TRC3_Mardin_alt_bölgesi,37.325,42.1958333,159754,3191.0
73,Şırnak_Güçlükonak,TRC3_Mardin_alt_bölgesi,37.4712187,41.9152339,12120,252.0
73,Şırnak_İdil,TRC3_Mardin_alt_bölgesi,37.3416667,41.8902778,76502,1527.0
73,Şırnak_Silopi,TRC3_Mardin_alt_bölgesi,37.2482504,42.4723315,144830,2899.0
73,Şırnak_Uludere,TRC3_Mardin_alt_bölgesi,37.4497443,42.8527269,45802,910.0
74,Bartın,TR81_Zonguldak_alt_bölgesi,41.6344444,32.3375,203351,4074.0
74,Bartın_Amasra,TR81_Zonguldak_alt_bölgesi,41.7451425,32.3846587,13852,277.0
74,Bartın_Kurucaşile,TR81_Zonguldak_alt_bölgesi,41.8419474,32.7160829,6337,124.0
74,Bartın_Ulus,TR81_Zonguldak_alt_bölgesi,41.5861,32.6406,21332,416.0
75,Ardahan,TRA2_Ağrı_alt_bölgesi,41.110481,42.702171,92481,1849.0
75,Ardahan_Çıldır,TRA2_Ağrı_alt_bölgesi,41.133333,43.133333,8693,170.0
75,Ardahan_Damal,TRA2_Ağrı_alt_bölgesi,41.3407232,42.8411894,4866,101.0
75,Ardahan_Göle,TRA2_Ağrı_alt_bölgesi,40.7935279,42.6087212,22900,455.0
75,Ardahan_Hanak,TRA2_Ağrı_alt_bölgesi,41.2333333,42.85,8054,158.0
75,Ardahan_Posof,TRA2_Ağrı_alt_bölgesi,41.5105556,42.7291667,6296,121.0
76,Iğdır,TRA2_Ağrı_alt_bölgesi,39.9166667,44.0333333,203594,4076.0
76,Iğdır_Aralık,TRA2_Ağrı_alt_bölgesi,39.8720068,44.5181343,20133,406.0
76,Iğdır_Tuzluca,TRA2_Ağrı_alt_bölgesi,40.045341,43.655891,22699,456.0
77,Yalova,TR42_Kocaeli_alt_bölgesi,40.65,29.2666667,296333,5931.0
77,Yalova_Altınova,TR42_Kocaeli_alt_bölgesi,40.6975,29.5113889,32207,637.0
77,Yalova_Armutlu,TR42_Kocaeli_alt_bölgesi,40.5194444,28.8280556,10843,213.0
77,Yalova_Çınarcık,TR42_Kocaeli_alt_bölgesi,40.6406111,29.1070773,38600,766.0
77,Yalova_Termal,TR42_Kocaeli_alt_bölgesi,40.6052778,29.1744444,6977,133.0
78,Karabük,TR81_Zonguldak_alt_bölgesi,41.2,32.6333333,252058,5045.0
78,Karabük_Eflani,TR81_Zonguldak_alt_bölgesi,41.4230556,32.9561111,8352,172.0
78,Karabük_Eskipazar,TR81_Zonguldak_alt_bölgesi,40.9430556,32.5305556,12767,261.0
78,Karabük_Ovacık,TR81_Zonguldak_alt_bölgesi,41.0761111,32.9219444,3731,82.0
78,Karabük_Yenice,TR81_Zonguldak_alt_bölgesi,41.2,32.3291667,19371,385.0
79,Kilis,TRC1_Gaziantep_alt_bölgesi,36.718399,37.12122,147919,2950.0
79,Kilis_Elbeyli,TRC1_Gaziantep_alt_bölgesi,36.6742,37.4658,5594,105.0
79,Kilis_Musabeyli,TRC1_Gaziantep_alt_bölgesi,36.8864,36.9186,12390,238.0
79,Kilis_Polateli,TRC1_Gaziantep_alt_bölgesi,36.8408774,37.1446201,4856,89.0
80,Osmaniye,TR63_Hatay_alt_bölgesi,37.06805,36.261589,559405,11182.0
80,Osmaniye_Bahçe,TR63_Hatay_alt_bölgesi,37.2,36.5833333,22904,453.0
80,Osmaniye_Düziçi,TR63_Hatay_alt_bölgesi,37.2571437,36.4661914,85448,1707.0
80,Osmaniye_Hasanbeyli,TR63_Hatay_alt_bölgesi,37.1332009,36.5526851,4816,96.0
80,Osmaniye_Kadirli,TR63_Hatay_alt_bölgesi,37.3698333,36.1,127004,2532.0
80,Osmaniye_Sumbas,TR63_Hatay_alt_bölgesi,37.4431837,36.0322459,13129,259.0
81,Düzce,TR42_Kocaeli_alt_bölgesi,40.843849,31.15654,405131,8107.0
81,Düzce_Akçakoca,TR42_Kocaeli_alt_bölgesi,41.08593,31.120041,40025,798.0
81,Düzce_Cumayeri,TR42_Kocaeli_alt_bölgesi,40.8738707,30.9490568,15214,295.0
81,Düzce_Gölyaka,TR42_Kocaeli_alt_bölgesi,40.7765786,30.995727,20552,420.0
81,Düzce_Gümüşova,TR42_Kocaeli_alt_bölgesi,40.85,30.9333333,16844,335.0
81,Düzce_Kaynaşlı,TR42_Kocaeli_alt_bölgesi,40.7773367,31.3032669,20449,407.0
81,Düzce_Yığılca,TR42_Kocaeli_alt_bölgesi,40.965939,31.442419,13915,279.0
